<?xml version="1.0" encoding="UTF-8"?>
<configuration>
    <property name="default.pattern" value="%date %-5level [%.25thread] %logger{26} - %msg%n"/>

    <appender name="STDOUT" class="ch.qos.logback.core.ConsoleAppender">
        <encoder>
            <pattern>${logback.pattern:-${default.pattern}}</pattern>
        </encoder>
    </appender>

    <logger name="io.netty" level="INFO"/>

    <logger name="sun.rmi" level="INFO"/>
    <logger name="javax.management" level="INFO"/>

    <logger name="org.aspectj" level="INFO"/>

    <root level="TRACE">
        <appender-ref ref="STDOUT"/>
    </root>
</configuration>
